<?xml version="1.0" encoding="utf-8"?>
<quiz>
	<meta>
		<title>WEB KWM Quiz</title>
		<difficulty>Mittel</difficulty>
		<author>
			<firstname>Max</firstname>
			<lastname>Masterstudent</lastname>
		</author>
		<start>
			<date>
				<day>1</day>
				<month>4</month>
				<year>2021</year>
			</date>
			<time>
				<hours>7</hours>
				<minutes>15</minutes>
			</time>
		</start>
		<end>
			<date>
				<day>30</day>
				<month>6</month>
				<year>2021</year>
			</date>
			<time>
				<hours>23</hours>
				<minutes>59</minutes>
			</time>
		</end>
	</meta>
	<questions>
		<question type="open" datatype="integer" correctanswer="2006">
			<text>In welchem Jahr wurden die ersten KWM Studierenden aufgenommen?</text>
		</question>
		<question type="single">
			<text>Wer war der/die erste Studiengangsleiter/in des KWM-Vorgängers CBL? </text>
			<answer correct="false">Josef Altmann</answer>
			<answer correct="false">Heidrun Allert</answer>
			<answer correct="true">Wolfgang Schreiner</answer>
		</question>
		<question type="open" datatype="string" correctanswer="Engineering für Computer-basiertes Lernen">
			<text>Wofür stand der Name CBL?</text>
		</question>
		<question type="multiple">
			<text>Wer lehrt nebenberuflich bei KWM?</text>
			<answer correct="false">Josef Altmann</answer>
			<answer correct="false">Mirjam Augstein</answer>
			<answer correct="true">Wolfgang Hoffelner</answer>
			<answer correct="false">Tanja Jadin</answer>
			<answer correct="false">Carrie Kovacs</answer>
			<answer correct="false">Christina Ortner</answer>
			<answer correct="false">Johannes Schönböck</answer>
			<answer correct="true">Wolfgang Schreiner</answer>
		</question>
		<question type="multiple">
			<text>Welche Kurse werden bei KWM gelehrt?</text>
			<answer correct="true">Serverseitige Web-Programmierung</answer>
			<answer correct="true">Web und Hypermedia Grundlagen</answer>
			<answer correct="false">Deep Learning</answer>
			<answer correct="true">Lernpsychologie</answer>
			<answer correct="true">Datenbanken</answer>
			<answer correct="false">Compilerbau</answer>
		</question>
	</questions>
</quiz>